id,fecha,hora,temperatura,humedad,pH
1,16/06/2025,00:00:00,32.14,0.4618,8.76604
2,16/06/2025,00:20:10,32.64,0.7401,8.655
3,16/06/2025,00:40:21,27.27,0.6103,9.2959
4,16/06/2025,01:00:32,21.02,0.7466,6.62235
5,16/06/2025,01:20:43,21.47,0.6639,8.96055
6,16/06/2025,01:40:54,21.53,0.8383,6.33584
7,16/06/2025,02:01:04,24.96,0.6627,9.26717
8,16/06/2025,02:21:15,28.98,0.4107,8.3894
9,16/06/2025,02:41:26,33.56,0.6258,8.52325
10,16/06/2025,03:01:37,23.01,0.7194,6.54836
11,16/06/2025,03:21:48,31.77,0.7558,8.12533
12,16/06/2025,03:41:58,23.16,0.7165,9.28945
13,16/06/2025,04:02:09,33.68,0.6046,6.68344
14,16/06/2025,04:22:20,25.89,0.4752,8.6275
15,16/06/2025,04:42:31,21.11,0.8731,7.15087
16,16/06/2025,05:02:42,33.34,0.528,8.47139
17,16/06/2025,05:22:52,30.4,0.4962,9.28758
18,16/06/2025,05:43:03,28.62,0.8654,8.00484
19,16/06/2025,06:03:14,18.47,0.672,6.47089
20,16/06/2025,06:23:25,18.54,0.458,6.22727
21,16/06/2025,06:43:36,34.99,0.505,8.65439
22,16/06/2025,07:03:47,30.09,0.7672,8.59919
23,16/06/2025,07:23:57,30.93,0.8531,6.29964
24,16/06/2025,07:44:08,22.28,0.7786,7.1811
25,16/06/2025,08:04:19,19.85,0.4901,7.73417
26,16/06/2025,08:24:30,19.75,0.696,7.33246
27,16/06/2025,08:44:41,22.6,0.4657,7.37174
28,16/06/2025,09:04:51,33.5,0.8112,7.47922
29,16/06/2025,09:25:02,34.13,0.5233,8.63413
30,16/06/2025,09:45:13,21.45,0.7541,7.36054
31,16/06/2025,10:05:24,30.72,0.672,6.21836
32,16/06/2025,10:25:35,25.82,0.7754,7.76282
33,16/06/2025,10:45:45,29.84,0.5643,7.99442
34,16/06/2025,11:05:56,26.92,0.7438,8.41106
35,16/06/2025,11:26:07,33.15,0.6764,6.71515
36,16/06/2025,11:46:18,33.58,0.7149,9.23373
37,16/06/2025,12:06:29,19.98,0.7365,6.84918
38,16/06/2025,12:26:40,26.22,0.5294,6.61754
39,16/06/2025,12:46:50,33.99,0.5755,9.18026
40,16/06/2025,13:07:01,23.81,0.4071,7.70166
41,16/06/2025,13:27:12,18.99,0.6038,7.49717
42,16/06/2025,13:47:23,23.01,0.5845,8.05071
43,16/06/2025,14:07:34,31.26,0.7606,6.26766
44,16/06/2025,14:27:44,27.72,0.4987,6.6882
45,16/06/2025,14:47:55,18.56,0.4478,9.16381
46,16/06/2025,15:08:06,23.58,0.8769,9.21948
47,16/06/2025,15:28:17,29.78,0.8511,6.61612
48,16/06/2025,15:48:28,24.26,0.4181,6.47809
49,16/06/2025,16:08:38,30.27,0.5279,8.12761
50,16/06/2025,16:28:49,21.31,0.8027,9.11468
51,16/06/2025,16:49:00,33.5,0.4798,7.75838
52,16/06/2025,17:09:11,26.91,0.5797,8.1169
53,16/06/2025,17:29:22,29.63,0.756,7.77421
54,16/06/2025,17:49:32,34.55,0.7101,8.00205
55,16/06/2025,18:09:43,19.43,0.8215,7.87594
56,16/06/2025,18:29:54,21.4,0.5207,7.42005
57,16/06/2025,18:50:05,30.23,0.4755,8.52512
58,16/06/2025,19:10:16,28.96,0.6969,9.29959
59,16/06/2025,19:30:27,31.55,0.682,7.17542
60,16/06/2025,19:50:37,18.99,0.5706,8.44417
61,16/06/2025,20:10:48,22.36,0.5677,7.38554
62,16/06/2025,20:30:59,33.62,0.5589,6.3238
63,16/06/2025,20:51:10,20.48,0.4155,7.43555
64,16/06/2025,21:11:21,31.32,0.5941,7.5673
65,16/06/2025,21:31:31,20.95,0.8413,7.63085
66,16/06/2025,21:51:42,24.82,0.8633,6.67686
67,16/06/2025,22:11:53,21.64,0.6485,8.51476
68,16/06/2025,22:32:04,21.7,0.8198,8.53269
69,16/06/2025,22:52:15,33.45,0.6165,6.90831
70,16/06/2025,23:12:25,21.86,0.6758,9.11578
71,16/06/2025,23:32:36,19.85,0.7638,9.14895
72,16/06/2025,23:52:47,22.28,0.42,7.70741
73,17/06/2025,00:12:58,31.63,0.6075,7.3472
74,17/06/2025,00:33:09,20.59,0.4694,7.83366
75,17/06/2025,00:53:20,29.44,0.8904,7.80227
76,17/06/2025,01:13:30,28.78,0.5724,7.78211
77,17/06/2025,01:33:41,27.5,0.4158,8.17683
78,17/06/2025,01:53:52,26.13,0.7543,8.1786
79,17/06/2025,02:14:03,18.75,0.5738,6.62185
80,17/06/2025,02:34:14,26.5,0.726,6.97081
81,17/06/2025,02:54:24,27.91,0.7504,9.19554
82,17/06/2025,03:14:35,21.91,0.8958,7.8368
83,17/06/2025,03:34:46,27.75,0.4295,7.27987
84,17/06/2025,03:54:57,33.55,0.8151,6.46362
85,17/06/2025,04:15:08,23.54,0.6456,6.88587
86,17/06/2025,04:35:18,26.25,0.8621,6.49154
87,17/06/2025,04:55:29,29.33,0.7451,8.65126
88,17/06/2025,05:15:40,24.2,0.535,6.7793
89,17/06/2025,05:35:51,20.24,0.4061,9.05355
90,17/06/2025,05:56:02,24.02,0.5829,8.83604
91,17/06/2025,06:16:12,27.04,0.679,8.48752
92,17/06/2025,06:36:23,32.33,0.5272,7.15445
93,17/06/2025,06:56:34,28.23,0.8823,7.5427
94,17/06/2025,07:16:45,24.93,0.7779,6.27703
95,17/06/2025,07:36:56,21.01,0.7538,8.96208
96,17/06/2025,07:57:07,25.11,0.6488,6.75999
97,17/06/2025,08:17:17,27.88,0.8861,7.28464
98,17/06/2025,08:37:28,31.31,0.7575,9.12939
99,17/06/2025,08:57:39,21.35,0.4979,6.47304
100,17/06/2025,09:17:50,28.56,0.647,8.52412
101,17/06/2025,09:38:01,20.76,0.5296,6.68182
102,17/06/2025,09:58:11,19.85,0.562,7.75443
103,17/06/2025,10:18:22,32.04,0.6203,7.78367
104,17/06/2025,10:38:33,33.43,0.8549,7.82429
105,17/06/2025,10:58:44,25.95,0.5422,6.3993
106,17/06/2025,11:18:55,26.4,0.6921,7.2241
107,17/06/2025,11:39:05,20.86,0.82,8.52089
108,17/06/2025,11:59:16,21.16,0.6142,6.50859
109,17/06/2025,12:19:27,18.5,0.7703,6.72691
110,17/06/2025,12:39:38,19.81,0.5507,6.45221
111,17/06/2025,12:59:49,26.0,0.6443,8.83067
112,17/06/2025,13:20:00,18.33,0.6999,8.8017
113,17/06/2025,13:40:10,31.13,0.812,8.95047
114,17/06/2025,14:00:21,20.84,0.5865,8.74519
115,17/06/2025,14:20:32,31.14,0.5038,8.90919
116,17/06/2025,14:40:43,30.8,0.5042,8.42772
117,17/06/2025,15:00:54,32.7,0.8672,8.59081
118,17/06/2025,15:21:04,23.88,0.6518,6.87306
119,17/06/2025,15:41:15,33.63,0.8483,6.76938
120,17/06/2025,16:01:26,23.59,0.5051,8.42992
121,17/06/2025,16:21:37,26.13,0.6764,6.43172
122,17/06/2025,16:41:48,31.96,0.7051,8.37185
123,17/06/2025,17:01:58,34.91,0.7112,8.11993
124,17/06/2025,17:22:09,32.43,0.7468,7.20086
125,17/06/2025,17:42:20,22.64,0.7047,7.14348
126,17/06/2025,18:02:31,20.67,0.8284,8.58116
127,17/06/2025,18:22:42,23.08,0.8975,6.53237
128,17/06/2025,18:42:52,22.2,0.6399,7.06229
129,17/06/2025,19:03:03,34.08,0.4307,6.9697
130,17/06/2025,19:23:14,32.47,0.6776,8.58486
131,17/06/2025,19:43:25,26.84,0.7353,6.60501
132,17/06/2025,20:03:36,34.54,0.6525,9.04631
133,17/06/2025,20:23:47,25.59,0.5779,7.72176
134,17/06/2025,20:43:57,20.97,0.85,6.47706
135,17/06/2025,21:04:08,18.28,0.713,8.16836
136,17/06/2025,21:24:19,28.58,0.5074,6.44901
137,17/06/2025,21:44:30,30.36,0.7042,8.16993
138,17/06/2025,22:04:41,23.75,0.7376,9.26306
139,17/06/2025,22:24:51,33.41,0.7115,8.80128
140,17/06/2025,22:45:02,18.84,0.4042,7.61697
141,17/06/2025,23:05:13,30.85,0.7852,6.22467
142,17/06/2025,23:25:24,33.1,0.4419,8.74455
143,17/06/2025,23:45:35,19.66,0.5667,6.79119
144,18/06/2025,00:05:45,20.75,0.4701,6.86745
145,18/06/2025,00:25:56,22.43,0.4533,9.25353
146,18/06/2025,00:46:07,23.35,0.4423,6.95641
147,18/06/2025,01:06:18,34.06,0.4569,7.89449
148,18/06/2025,01:26:29,28.16,0.718,6.24346
149,18/06/2025,01:46:40,31.66,0.7338,8.03253
150,18/06/2025,02:06:50,28.67,0.6075,7.83367
151,18/06/2025,02:27:01,20.78,0.4533,6.75495
152,18/06/2025,02:47:12,26.78,0.5573,6.90191
153,18/06/2025,03:07:23,32.06,0.8843,6.22538
154,18/06/2025,03:27:34,30.64,0.8496,6.90634
155,18/06/2025,03:47:44,19.66,0.6073,8.71428
156,18/06/2025,04:07:55,26.81,0.5756,7.4211
157,18/06/2025,04:28:06,21.74,0.7954,8.64117
158,18/06/2025,04:48:17,30.28,0.6725,6.24346
159,18/06/2025,05:08:28,24.67,0.7172,6.21879
160,18/06/2025,05:28:38,33.19,0.7835,6.52764
161,18/06/2025,05:48:49,32.86,0.7739,9.00454
162,18/06/2025,06:09:00,23.31,0.4913,8.08849
163,18/06/2025,06:29:11,23.67,0.8815,6.65608
164,18/06/2025,06:49:22,31.06,0.8626,7.78128
165,18/06/2025,07:09:32,27.84,0.6791,8.71555
166,18/06/2025,07:29:43,26.67,0.5061,8.3082
167,18/06/2025,07:49:54,27.03,0.7115,8.16965
168,18/06/2025,08:10:05,24.68,0.7809,7.87343
169,18/06/2025,08:30:16,31.63,0.4913,7.6054
170,18/06/2025,08:50:27,22.95,0.6104,8.42177
171,18/06/2025,09:10:37,18.21,0.879,8.76654
172,18/06/2025,09:30:48,22.99,0.4151,8.79774
173,18/06/2025,09:50:59,18.45,0.821,9.29007
174,18/06/2025,10:11:10,19.1,0.7126,6.76315
175,18/06/2025,10:31:21,24.98,0.7954,7.89078
176,18/06/2025,10:51:31,26.6,0.5995,6.96551
177,18/06/2025,11:11:42,24.71,0.5962,8.64387
178,18/06/2025,11:31:53,27.45,0.4611,8.36801
179,18/06/2025,11:52:04,18.57,0.4463,6.40703
180,18/06/2025,12:12:15,20.44,0.5887,8.10568
181,18/06/2025,12:32:25,23.35,0.7295,8.16639
182,18/06/2025,12:52:36,25.71,0.5638,6.30896
183,18/06/2025,13:12:47,23.69,0.4779,7.59377
184,18/06/2025,13:32:58,22.62,0.5736,9.22465
185,18/06/2025,13:53:09,19.11,0.7829,7.31347
186,18/06/2025,14:13:20,22.28,0.578,8.50153
187,18/06/2025,14:33:30,30.41,0.8102,8.2046
188,18/06/2025,14:53:41,23.51,0.4728,6.20397
189,18/06/2025,15:13:52,29.8,0.4265,6.85065
190,18/06/2025,15:34:03,27.48,0.4979,8.74909
191,18/06/2025,15:54:14,34.4,0.6519,6.82539
192,18/06/2025,16:14:24,34.68,0.6051,8.77767
193,18/06/2025,16:34:35,19.42,0.4926,8.76815
194,18/06/2025,16:54:46,19.54,0.779,6.57142
195,18/06/2025,17:14:57,26.39,0.5496,7.76448
196,18/06/2025,17:35:08,23.05,0.756,6.29857
197,18/06/2025,17:55:18,26.23,0.6714,8.64846
198,18/06/2025,18:15:29,31.22,0.8676,7.59814
199,18/06/2025,18:35:40,31.81,0.7944,8.26843
200,18/06/2025,18:55:51,29.56,0.4632,7.06676
201,18/06/2025,19:16:02,20.96,0.7012,8.52825
202,18/06/2025,19:36:12,24.84,0.5736,7.37593
203,18/06/2025,19:56:23,20.61,0.6544,8.2223
204,18/06/2025,20:16:34,19.29,0.8219,8.90944
205,18/06/2025,20:36:45,26.7,0.4885,7.16051
206,18/06/2025,20:56:56,30.83,0.6046,6.85696
207,18/06/2025,21:17:07,28.28,0.5479,6.8393
208,18/06/2025,21:37:17,24.91,0.4576,6.64201
209,18/06/2025,21:57:28,32.28,0.6751,7.73609
210,18/06/2025,22:17:39,21.49,0.4356,6.61657
211,18/06/2025,22:37:50,31.46,0.6276,6.61128
212,18/06/2025,22:58:01,32.76,0.5824,9.28655
213,18/06/2025,23:18:11,20.18,0.642,6.48164
214,18/06/2025,23:38:22,31.73,0.7801,6.32239
215,18/06/2025,23:58:33,20.99,0.6575,7.3554
216,19/06/2025,00:18:44,21.24,0.8737,8.61133
217,19/06/2025,00:38:55,29.5,0.602,9.02233
218,19/06/2025,00:59:05,30.16,0.8581,6.99019
219,19/06/2025,01:19:16,21.57,0.8179,6.77943
220,19/06/2025,01:39:27,31.66,0.4583,7.60007
221,19/06/2025,01:59:38,32.49,0.5804,9.27732
222,19/06/2025,02:19:49,26.32,0.4881,9.09198
223,19/06/2025,02:40:00,27.7,0.8807,8.52468
224,19/06/2025,03:00:10,34.75,0.822,7.20124
225,19/06/2025,03:20:21,29.3,0.694,9.23294
226,19/06/2025,03:40:32,29.55,0.5841,7.88139
227,19/06/2025,04:00:43,32.43,0.7765,8.84205
228,19/06/2025,04:20:54,31.34,0.4909,7.72236
229,19/06/2025,04:41:04,32.77,0.4637,8.71743
230,19/06/2025,05:01:15,20.57,0.6107,8.12942
231,19/06/2025,05:21:26,22.02,0.8497,8.25168
232,19/06/2025,05:41:37,23.08,0.6871,7.37854
233,19/06/2025,06:01:48,23.27,0.5893,6.21446
234,19/06/2025,06:21:58,26.15,0.404,8.59585
235,19/06/2025,06:42:09,25.87,0.8646,7.60632
236,19/06/2025,07:02:20,25.19,0.8665,8.79215
237,19/06/2025,07:22:31,22.01,0.6695,8.24167
238,19/06/2025,07:42:42,28.89,0.4646,8.69383
239,19/06/2025,08:02:52,34.17,0.8521,9.17123
240,19/06/2025,08:23:03,30.64,0.8047,8.14494
241,19/06/2025,08:43:14,34.89,0.7801,6.92854
242,19/06/2025,09:03:25,31.12,0.7844,8.30455
243,19/06/2025,09:23:36,33.02,0.6866,8.72098
244,19/06/2025,09:43:47,22.3,0.5984,6.80199
245,19/06/2025,10:03:57,32.94,0.4017,9.04011
246,19/06/2025,10:24:08,32.9,0.4801,9.02973
247,19/06/2025,10:44:19,30.8,0.4521,7.03035
248,19/06/2025,11:04:30,33.84,0.7825,7.01114
249,19/06/2025,11:24:41,28.78,0.6672,7.63296
250,19/06/2025,11:44:51,18.59,0.6903,8.75063
251,19/06/2025,12:05:02,29.02,0.7338,9.15153
252,19/06/2025,12:25:13,21.87,0.8241,8.05599
253,19/06/2025,12:45:24,19.36,0.7801,7.4742
254,19/06/2025,13:05:35,32.26,0.8201,8.47419
255,19/06/2025,13:25:45,23.5,0.6942,7.35075
256,19/06/2025,13:45:56,26.79,0.7171,8.91954
257,19/06/2025,14:06:07,34.13,0.5563,8.56191
258,19/06/2025,14:26:18,21.51,0.6629,8.5582
259,19/06/2025,14:46:29,31.14,0.7148,9.14596
260,19/06/2025,15:06:40,26.89,0.7774,7.54022
261,19/06/2025,15:26:50,34.69,0.6133,6.22611
262,19/06/2025,15:47:01,30.21,0.8219,7.81769
263,19/06/2025,16:07:12,18.1,0.5758,8.29664
264,19/06/2025,16:27:23,33.29,0.8647,7.66797
265,19/06/2025,16:47:34,27.79,0.538,6.44738
266,19/06/2025,17:07:44,19.7,0.7004,8.37192
267,19/06/2025,17:27:55,34.55,0.5201,8.19404
268,19/06/2025,17:48:06,33.05,0.7824,7.37529
269,19/06/2025,18:08:17,21.28,0.7384,8.7737
270,19/06/2025,18:28:28,31.5,0.6907,7.86106
271,19/06/2025,18:48:38,19.62,0.5514,7.20058
272,19/06/2025,19:08:49,34.11,0.8611,6.69903
273,19/06/2025,19:29:00,23.7,0.7604,8.88512
274,19/06/2025,19:49:11,21.86,0.8602,7.77282
275,19/06/2025,20:09:22,25.64,0.4384,8.45112
276,19/06/2025,20:29:32,27.1,0.675,7.54155
277,19/06/2025,20:49:43,21.46,0.5436,8.27359
278,19/06/2025,21:09:54,20.13,0.5386,8.44734
279,19/06/2025,21:30:05,26.81,0.7956,8.93134
280,19/06/2025,21:50:16,22.63,0.5681,6.95218
281,19/06/2025,22:10:27,27.67,0.8288,7.5198
282,19/06/2025,22:30:37,24.97,0.4475,6.9126
283,19/06/2025,22:50:48,31.72,0.6108,8.29855
284,19/06/2025,23:10:59,18.66,0.5979,6.27811
285,19/06/2025,23:31:10,25.51,0.8302,8.68384
286,19/06/2025,23:51:21,33.37,0.4331,6.3912
287,20/06/2025,00:11:31,19.66,0.5215,7.2419
288,20/06/2025,00:31:42,21.63,0.8261,7.55881
289,20/06/2025,00:51:53,18.06,0.5549,8.76446
290,20/06/2025,01:12:04,19.42,0.7023,6.71104
291,20/06/2025,01:32:15,21.53,0.783,7.11458
292,20/06/2025,01:52:25,28.46,0.6245,6.34473
293,20/06/2025,02:12:36,24.38,0.7749,6.33619
294,20/06/2025,02:32:47,23.88,0.7377,9.02289
295,20/06/2025,02:52:58,22.73,0.4066,8.29691
296,20/06/2025,03:13:09,21.88,0.5777,8.61687
297,20/06/2025,03:33:20,33.64,0.8105,8.57991
298,20/06/2025,03:53:30,22.26,0.439,7.63405
299,20/06/2025,04:13:41,30.04,0.6603,8.98828
300,20/06/2025,04:33:52,34.09,0.8867,8.5549
301,20/06/2025,04:54:03,33.26,0.7714,6.23473
302,20/06/2025,05:14:14,21.74,0.6036,7.43693
303,20/06/2025,05:34:24,30.96,0.8673,6.21583
304,20/06/2025,05:54:35,25.13,0.504,7.10576
305,20/06/2025,06:14:46,20.26,0.7798,8.25505
306,20/06/2025,06:34:57,28.91,0.7702,8.06903
307,20/06/2025,06:55:08,29.52,0.8541,8.20463
308,20/06/2025,07:15:18,29.34,0.6272,8.4826
309,20/06/2025,07:35:29,33.98,0.8516,6.71188
310,20/06/2025,07:55:40,27.36,0.8266,8.37144
311,20/06/2025,08:15:51,28.92,0.7856,7.15138
312,20/06/2025,08:36:02,19.79,0.4827,7.19337
313,20/06/2025,08:56:12,19.19,0.6917,8.77537
314,20/06/2025,09:16:23,33.11,0.6516,8.89629
315,20/06/2025,09:36:34,28.8,0.7789,6.71586
316,20/06/2025,09:56:45,31.78,0.5205,7.90991
317,20/06/2025,10:16:56,30.48,0.6605,8.07498
318,20/06/2025,10:37:07,32.09,0.54,6.80841
319,20/06/2025,10:57:17,25.8,0.4409,7.68709
320,20/06/2025,11:17:28,34.47,0.5131,6.57682
321,20/06/2025,11:37:39,33.35,0.7061,7.97426
322,20/06/2025,11:57:50,20.15,0.8349,6.71874
323,20/06/2025,12:18:01,32.6,0.4262,7.0765
324,20/06/2025,12:38:11,21.91,0.4404,8.62957
325,20/06/2025,12:58:22,33.16,0.7013,7.16523
326,20/06/2025,13:18:33,19.9,0.4008,6.66482
327,20/06/2025,13:38:44,33.69,0.8281,8.69072
328,20/06/2025,13:58:55,30.62,0.7997,9.03154
329,20/06/2025,14:19:05,18.28,0.783,7.99078
330,20/06/2025,14:39:16,34.76,0.7511,7.69132
331,20/06/2025,14:59:27,28.51,0.4592,7.27441
332,20/06/2025,15:19:38,19.75,0.5527,9.16547
333,20/06/2025,15:39:49,28.78,0.7538,8.99917
334,20/06/2025,16:00:00,24.89,0.8162,7.58063
335,20/06/2025,16:20:10,30.64,0.7317,7.68087
336,20/06/2025,16:40:21,29.1,0.7655,6.37937
337,20/06/2025,17:00:32,21.43,0.828,9.24528
338,20/06/2025,17:20:43,32.86,0.6154,8.98691
339,20/06/2025,17:40:54,34.96,0.5723,8.17674
340,20/06/2025,18:01:04,24.78,0.7006,6.21811
341,20/06/2025,18:21:15,28.91,0.5324,8.66346
342,20/06/2025,18:41:26,33.33,0.7974,6.4172
343,20/06/2025,19:01:37,27.68,0.5212,7.71985
344,20/06/2025,19:21:48,20.22,0.6738,8.70862
345,20/06/2025,19:41:58,20.71,0.6655,6.2394
346,20/06/2025,20:02:09,19.01,0.6827,6.48476
347,20/06/2025,20:22:20,26.43,0.8937,7.57909
348,20/06/2025,20:42:31,24.11,0.6728,8.3387
349,20/06/2025,21:02:42,20.14,0.5131,8.60827
350,20/06/2025,21:22:52,24.01,0.7503,6.72396
351,20/06/2025,21:43:03,23.45,0.7217,6.95116
352,20/06/2025,22:03:14,18.01,0.5741,7.5514
353,20/06/2025,22:23:25,33.29,0.738,8.4462
354,20/06/2025,22:43:36,20.57,0.8081,7.75076
355,20/06/2025,23:03:47,23.3,0.695,8.35472
356,20/06/2025,23:23:57,29.95,0.5378,8.82149
357,20/06/2025,23:44:08,26.77,0.7215,6.63935
358,21/06/2025,00:04:19,33.48,0.4113,7.82614
359,21/06/2025,00:24:30,21.79,0.7299,9.2234
360,21/06/2025,00:44:41,34.4,0.423,6.29948
361,21/06/2025,01:04:51,25.87,0.5727,6.69489
362,21/06/2025,01:25:02,22.07,0.8553,9.27191
363,21/06/2025,01:45:13,18.95,0.7526,8.54037
364,21/06/2025,02:05:24,18.61,0.5192,7.55892
365,21/06/2025,02:25:35,27.05,0.5415,6.84595
366,21/06/2025,02:45:45,30.94,0.4254,8.2842
367,21/06/2025,03:05:56,29.94,0.4503,6.35528
368,21/06/2025,03:26:07,23.61,0.7205,7.97356
369,21/06/2025,03:46:18,25.01,0.7242,6.33265
370,21/06/2025,04:06:29,27.79,0.6083,7.50925
371,21/06/2025,04:26:40,23.48,0.7973,7.45117
372,21/06/2025,04:46:50,19.92,0.87,9.02444
373,21/06/2025,05:07:01,24.33,0.5377,7.23677
374,21/06/2025,05:27:12,30.25,0.5919,8.16232
375,21/06/2025,05:47:23,30.38,0.8136,9.05117
376,21/06/2025,06:07:34,33.61,0.4553,8.99028
377,21/06/2025,06:27:44,18.55,0.8091,6.87818
378,21/06/2025,06:47:55,28.48,0.5352,6.86934
379,21/06/2025,07:08:06,19.94,0.8238,7.60709
380,21/06/2025,07:28:17,30.87,0.5315,8.09519
381,21/06/2025,07:48:28,20.25,0.5306,8.39742
382,21/06/2025,08:08:38,23.45,0.6402,6.3783
383,21/06/2025,08:28:49,27.99,0.4182,7.1567
384,21/06/2025,08:49:00,26.24,0.845,7.97793
385,21/06/2025,09:09:11,19.56,0.8317,8.32294
386,21/06/2025,09:29:22,33.21,0.8475,8.4647
387,21/06/2025,09:49:32,33.58,0.6218,6.36483
388,21/06/2025,10:09:43,30.48,0.4744,6.70538
389,21/06/2025,10:29:54,18.14,0.4497,7.50974
390,21/06/2025,10:50:05,31.28,0.8359,7.06019
391,21/06/2025,11:10:16,18.51,0.5863,7.00787
392,21/06/2025,11:30:27,31.11,0.6023,7.38598
393,21/06/2025,11:50:37,26.81,0.8952,8.12965
394,21/06/2025,12:10:48,25.3,0.4856,9.24398
395,21/06/2025,12:30:59,21.28,0.6482,9.2364
396,21/06/2025,12:51:10,21.25,0.6787,8.8755
397,21/06/2025,13:11:21,22.94,0.6839,8.09237
398,21/06/2025,13:31:31,27.22,0.7288,8.83854
399,21/06/2025,13:51:42,28.48,0.4539,8.03277
400,21/06/2025,14:11:53,29.2,0.6709,7.5694
401,21/06/2025,14:32:04,22.13,0.8469,7.53698
402,21/06/2025,14:52:15,23.81,0.6178,6.34225
403,21/06/2025,15:12:25,32.54,0.7422,7.65767
404,21/06/2025,15:32:36,29.9,0.5296,7.69633
405,21/06/2025,15:52:47,24.39,0.8753,6.61051
406,21/06/2025,16:12:58,20.84,0.7612,7.56839
407,21/06/2025,16:33:09,26.29,0.5558,6.46402
408,21/06/2025,16:53:20,21.64,0.4981,7.05663
409,21/06/2025,17:13:30,27.74,0.4689,8.9964
410,21/06/2025,17:33:41,24.38,0.7641,8.36069
411,21/06/2025,17:53:52,24.04,0.8944,6.39442
412,21/06/2025,18:14:03,22.73,0.6329,7.86966
413,21/06/2025,18:34:14,29.44,0.5309,7.959
414,21/06/2025,18:54:24,28.32,0.6331,7.38819
415,21/06/2025,19:14:35,28.4,0.5688,7.83115
416,21/06/2025,19:34:46,22.43,0.4726,6.43469
417,21/06/2025,19:54:57,34.43,0.6828,7.76118
418,21/06/2025,20:15:08,22.69,0.5947,7.59207
419,21/06/2025,20:35:18,31.06,0.7177,6.7702
420,21/06/2025,20:55:29,19.31,0.6882,8.65724
421,21/06/2025,21:15:40,25.53,0.7729,8.93854
422,21/06/2025,21:35:51,32.77,0.6964,7.95106
423,21/06/2025,21:56:02,28.2,0.6175,7.54665
424,21/06/2025,22:16:12,22.0,0.8829,6.59411
425,21/06/2025,22:36:23,28.77,0.8029,8.13027
426,21/06/2025,22:56:34,34.02,0.5288,9.11163
427,21/06/2025,23:16:45,31.25,0.8165,8.76974
428,21/06/2025,23:36:56,30.62,0.509,6.94701
429,21/06/2025,23:57:07,29.76,0.8489,7.83295
430,22/06/2025,00:17:17,26.31,0.6087,7.80368
431,22/06/2025,00:37:28,23.13,0.6873,6.74005
432,22/06/2025,00:57:39,22.7,0.5075,6.86085
433,22/06/2025,01:17:50,24.51,0.7523,8.88675
434,22/06/2025,01:38:01,22.8,0.768,6.39138
435,22/06/2025,01:58:11,34.25,0.6776,6.5768
436,22/06/2025,02:18:22,32.67,0.6061,9.1117
437,22/06/2025,02:38:33,22.51,0.594,8.91052
438,22/06/2025,02:58:44,20.45,0.873,7.14803
439,22/06/2025,03:18:55,21.31,0.5831,9.15562
440,22/06/2025,03:39:05,30.1,0.8981,7.06685
441,22/06/2025,03:59:16,29.82,0.7795,8.93292
442,22/06/2025,04:19:27,21.99,0.7746,9.23635
443,22/06/2025,04:39:38,24.81,0.4705,7.75867
444,22/06/2025,04:59:49,30.33,0.6846,7.31669
445,22/06/2025,05:20:00,30.24,0.6835,8.21246
446,22/06/2025,05:40:10,27.26,0.7434,7.58372
447,22/06/2025,06:00:21,29.9,0.6717,6.53008
448,22/06/2025,06:20:32,31.01,0.7941,8.52092
449,22/06/2025,06:40:43,30.43,0.8747,7.85463
450,22/06/2025,07:00:54,23.01,0.452,8.23343
451,22/06/2025,07:21:04,19.19,0.5919,8.78237
452,22/06/2025,07:41:15,25.09,0.8939,6.60059
453,22/06/2025,08:01:26,19.65,0.4347,7.83832
454,22/06/2025,08:21:37,22.09,0.6713,7.07238
455,22/06/2025,08:41:48,27.04,0.4067,6.72436
456,22/06/2025,09:01:58,25.09,0.8578,8.69076
457,22/06/2025,09:22:09,30.58,0.4865,9.11021
458,22/06/2025,09:42:20,23.36,0.5209,6.30251
459,22/06/2025,10:02:31,25.48,0.4489,7.30135
460,22/06/2025,10:22:42,21.89,0.8362,7.03073
461,22/06/2025,10:42:52,30.3,0.6567,7.01837
462,22/06/2025,11:03:03,26.06,0.771,8.2617
463,22/06/2025,11:23:14,29.04,0.7235,7.92798
464,22/06/2025,11:43:25,32.27,0.6461,6.52931
465,22/06/2025,12:03:36,20.17,0.409,6.47851
466,22/06/2025,12:23:47,27.92,0.5491,6.45301
467,22/06/2025,12:43:57,30.98,0.4029,8.53899
468,22/06/2025,13:04:08,23.27,0.5896,6.47181
469,22/06/2025,13:24:19,23.3,0.7011,7.30599
470,22/06/2025,13:44:30,33.71,0.4741,9.17042
471,22/06/2025,14:04:41,33.5,0.613,8.9795
472,22/06/2025,14:24:51,22.83,0.5926,8.28504
473,22/06/2025,14:45:02,23.42,0.6481,6.46413
474,22/06/2025,15:05:13,20.03,0.6793,6.3096
475,22/06/2025,15:25:24,20.52,0.7457,7.23495
476,22/06/2025,15:45:35,22.92,0.5443,7.79519
477,22/06/2025,16:05:45,21.19,0.5355,8.21588
478,22/06/2025,16:25:56,18.28,0.8231,9.1163
479,22/06/2025,16:46:07,22.37,0.7279,8.92034
480,22/06/2025,17:06:18,31.7,0.7735,8.9841
481,22/06/2025,17:26:29,24.36,0.5038,7.83151
482,22/06/2025,17:46:40,18.02,0.6602,7.825
483,22/06/2025,18:06:50,27.86,0.8064,6.2393
484,22/06/2025,18:27:01,25.36,0.7314,7.92343
485,22/06/2025,18:47:12,19.74,0.8675,7.19593
486,22/06/2025,19:07:23,22.76,0.406,7.40971
487,22/06/2025,19:27:34,25.7,0.7901,6.83591
488,22/06/2025,19:47:44,31.19,0.7975,9.07252
489,22/06/2025,20:07:55,20.65,0.6868,8.38152
490,22/06/2025,20:28:06,21.05,0.8905,7.11261
491,22/06/2025,20:48:17,32.69,0.6817,6.9302
492,22/06/2025,21:08:28,18.2,0.7712,7.86505
493,22/06/2025,21:28:38,19.24,0.8574,8.30961
494,22/06/2025,21:48:49,18.91,0.561,7.97968
495,22/06/2025,22:09:00,26.84,0.6029,9.0288
496,22/06/2025,22:29:11,34.96,0.4432,9.0366
497,22/06/2025,22:49:22,24.12,0.7145,7.17474
498,22/06/2025,23:09:32,31.45,0.5665,8.59921
499,22/06/2025,23:29:43,21.32,0.5336,8.08964
500,22/06/2025,23:49:54,19.29,0.5411,6.67251
501,23/06/2025,00:10:05,30.08,0.7728,8.85455
502,23/06/2025,00:30:16,18.35,0.7838,6.79058
503,23/06/2025,00:50:27,19.34,0.5778,8.31368
504,23/06/2025,01:10:37,28.57,0.8915,7.93955
505,23/06/2025,01:30:48,29.46,0.4163,6.5855
506,23/06/2025,01:50:59,30.87,0.5211,8.68
507,23/06/2025,02:11:10,33.5,0.5958,7.26957
508,23/06/2025,02:31:21,23.08,0.5685,6.95947
509,23/06/2025,02:51:31,31.21,0.8864,8.43584
510,23/06/2025,03:11:42,20.27,0.5814,6.73574
511,23/06/2025,03:31:53,18.2,0.8767,8.44082
512,23/06/2025,03:52:04,28.73,0.7634,6.99036
513,23/06/2025,04:12:15,29.74,0.4538,7.39342
514,23/06/2025,04:32:25,18.4,0.4099,8.51784
515,23/06/2025,04:52:36,28.38,0.5181,9.18736
516,23/06/2025,05:12:47,34.04,0.8113,7.76856
517,23/06/2025,05:32:58,30.12,0.7647,7.55468
518,23/06/2025,05:53:09,23.13,0.4301,8.51393
519,23/06/2025,06:13:20,24.62,0.4977,6.20932
520,23/06/2025,06:33:30,27.46,0.5657,7.33644
521,23/06/2025,06:53:41,18.94,0.5092,6.64425
522,23/06/2025,07:13:52,28.46,0.7878,8.58918
523,23/06/2025,07:34:03,22.74,0.7295,6.95877
524,23/06/2025,07:54:14,30.97,0.4992,8.36834
525,23/06/2025,08:14:24,26.52,0.4892,7.08616
526,23/06/2025,08:34:35,22.83,0.7596,8.1121
527,23/06/2025,08:54:46,31.78,0.7446,8.98196
528,23/06/2025,09:14:57,25.37,0.7375,9.20133
529,23/06/2025,09:35:08,31.37,0.569,8.917
530,23/06/2025,09:55:18,26.52,0.6139,6.64887
531,23/06/2025,10:15:29,32.71,0.552,6.51205
532,23/06/2025,10:35:40,23.89,0.5444,6.65721
533,23/06/2025,10:55:51,22.27,0.6299,7.4239
534,23/06/2025,11:16:02,23.65,0.8449,7.83587
535,23/06/2025,11:36:12,29.25,0.6126,6.3303
536,23/06/2025,11:56:23,33.1,0.5268,9.08754
537,23/06/2025,12:16:34,20.34,0.4787,8.78917
538,23/06/2025,12:36:45,23.25,0.8622,7.64629
539,23/06/2025,12:56:56,23.54,0.8366,8.13927
540,23/06/2025,13:17:07,33.21,0.6558,6.39749
541,23/06/2025,13:37:17,30.58,0.8647,8.84443
542,23/06/2025,13:57:28,22.15,0.7319,7.06685
543,23/06/2025,14:17:39,24.65,0.6153,7.9521
544,23/06/2025,14:37:50,34.02,0.7472,7.28885
545,23/06/2025,14:58:01,27.11,0.5709,8.95436
546,23/06/2025,15:18:11,26.66,0.6348,7.52558
547,23/06/2025,15:38:22,27.83,0.6566,7.69764
548,23/06/2025,15:58:33,19.78,0.6675,7.7072
549,23/06/2025,16:18:44,31.81,0.6818,9.18005
550,23/06/2025,16:38:55,18.31,0.5,6.79167
551,23/06/2025,16:59:05,29.36,0.7769,7.90523
552,23/06/2025,17:19:16,21.02,0.8611,7.51454
553,23/06/2025,17:39:27,28.02,0.5123,8.79561
554,23/06/2025,17:59:38,34.25,0.6342,9.07933
555,23/06/2025,18:19:49,20.85,0.7056,8.83693
556,23/06/2025,18:40:00,22.1,0.7288,6.82082
557,23/06/2025,19:00:10,18.0,0.6687,6.78007
558,23/06/2025,19:20:21,21.42,0.8342,6.97062
559,23/06/2025,19:40:32,24.06,0.8775,9.09622
560,23/06/2025,20:00:43,32.36,0.489,9.28527
561,23/06/2025,20:20:54,20.71,0.5489,6.43668
562,23/06/2025,20:41:04,19.79,0.6446,6.97498
563,23/06/2025,21:01:15,26.92,0.8731,6.38565
564,23/06/2025,21:21:26,29.58,0.6007,7.89567
565,23/06/2025,21:41:37,28.95,0.5134,6.76049
566,23/06/2025,22:01:48,20.16,0.8646,7.31843
567,23/06/2025,22:21:58,33.32,0.7561,9.21032
568,23/06/2025,22:42:09,27.65,0.7723,8.8737
569,23/06/2025,23:02:20,24.82,0.4222,6.7731
570,23/06/2025,23:22:31,23.57,0.7341,8.12304
571,23/06/2025,23:42:42,32.12,0.6432,7.49946
572,24/06/2025,00:02:52,19.1,0.4481,8.38954
573,24/06/2025,00:23:03,21.4,0.6934,8.18375
574,24/06/2025,00:43:14,32.12,0.6429,7.2741
575,24/06/2025,01:03:25,20.27,0.7536,6.38925
576,24/06/2025,01:23:36,22.88,0.5049,6.43303
577,24/06/2025,01:43:47,21.41,0.418,8.44663
578,24/06/2025,02:03:57,20.78,0.7503,7.50332
579,24/06/2025,02:24:08,32.25,0.8895,9.1411
580,24/06/2025,02:44:19,18.64,0.4812,8.24775
581,24/06/2025,03:04:30,20.27,0.8543,6.46667
582,24/06/2025,03:24:41,21.7,0.718,6.66094
583,24/06/2025,03:44:51,21.23,0.8397,6.42287
584,24/06/2025,04:05:02,18.54,0.6463,6.54726
585,24/06/2025,04:25:13,23.27,0.7214,7.54407
586,24/06/2025,04:45:24,31.83,0.4231,7.07252
587,24/06/2025,05:05:35,27.51,0.4232,7.59052
588,24/06/2025,05:25:45,19.04,0.6144,8.17128
589,24/06/2025,05:45:56,20.24,0.49,7.96314
590,24/06/2025,06:06:07,20.74,0.8585,6.845
591,24/06/2025,06:26:18,29.18,0.4195,7.22631
592,24/06/2025,06:46:29,23.29,0.8083,7.24279
593,24/06/2025,07:06:40,32.09,0.7792,7.81857
594,24/06/2025,07:26:50,19.09,0.4482,8.45598
595,24/06/2025,07:47:01,30.59,0.4321,8.82107
596,24/06/2025,08:07:12,21.5,0.4175,6.79202
597,24/06/2025,08:27:23,27.07,0.8534,8.66453
598,24/06/2025,08:47:34,31.11,0.5046,7.19482
599,24/06/2025,09:07:44,25.26,0.4108,9.17675
600,24/06/2025,09:27:55,21.62,0.7116,7.61694
601,24/06/2025,09:48:06,20.44,0.5763,8.34869
602,24/06/2025,10:08:17,29.69,0.6497,8.05923
603,24/06/2025,10:28:28,32.95,0.6495,6.61929
604,24/06/2025,10:48:38,32.74,0.5838,7.27199
605,24/06/2025,11:08:49,23.91,0.4298,8.49037
606,24/06/2025,11:29:00,19.4,0.5145,9.20459
607,24/06/2025,11:49:11,18.87,0.8444,6.43601
608,24/06/2025,12:09:22,31.42,0.856,6.28845
609,24/06/2025,12:29:32,33.23,0.6508,8.77074
610,24/06/2025,12:49:43,31.47,0.493,7.48801
611,24/06/2025,13:09:54,27.31,0.6769,8.04627
612,24/06/2025,13:30:05,28.85,0.528,8.04398
613,24/06/2025,13:50:16,18.7,0.7076,6.4245
614,24/06/2025,14:10:27,24.27,0.7423,9.26886
615,24/06/2025,14:30:37,31.2,0.4156,9.09267
616,24/06/2025,14:50:48,34.34,0.4605,6.38262
617,24/06/2025,15:10:59,25.7,0.4703,6.3562
618,24/06/2025,15:31:10,28.83,0.7352,8.627
619,24/06/2025,15:51:21,29.24,0.4169,6.9915
620,24/06/2025,16:11:31,30.61,0.8012,7.62182
621,24/06/2025,16:31:42,20.9,0.463,9.22886
622,24/06/2025,16:51:53,25.62,0.4859,7.1357
623,24/06/2025,17:12:04,19.27,0.4314,7.87625
624,24/06/2025,17:32:15,20.29,0.7375,7.44416
625,24/06/2025,17:52:25,29.08,0.5295,7.33258
626,24/06/2025,18:12:36,22.09,0.5044,7.19485
627,24/06/2025,18:32:47,26.74,0.7805,8.12074
628,24/06/2025,18:52:58,23.1,0.6094,6.56762
629,24/06/2025,19:13:09,24.21,0.8444,7.36562
630,24/06/2025,19:33:20,33.14,0.7417,8.59932
631,24/06/2025,19:53:30,20.09,0.876,8.7425
632,24/06/2025,20:13:41,18.08,0.4488,8.37744
633,24/06/2025,20:33:52,23.47,0.6823,9.19894
634,24/06/2025,20:54:03,26.91,0.5778,7.95794
635,24/06/2025,21:14:14,31.83,0.7608,6.25826
636,24/06/2025,21:34:24,20.39,0.452,8.29409
637,24/06/2025,21:54:35,27.44,0.7548,7.71911
638,24/06/2025,22:14:46,27.76,0.8822,6.51632
639,24/06/2025,22:34:57,22.93,0.7102,7.88263
640,24/06/2025,22:55:08,19.93,0.581,6.27661
641,24/06/2025,23:15:18,27.38,0.7238,8.73624
642,24/06/2025,23:35:29,19.42,0.7137,7.33856
643,24/06/2025,23:55:40,34.33,0.4145,8.62936
644,25/06/2025,00:15:51,21.96,0.5003,7.44014
645,25/06/2025,00:36:02,31.93,0.4152,8.51951
646,25/06/2025,00:56:12,21.47,0.5434,7.87653
647,25/06/2025,01:16:23,20.33,0.6619,6.76063
648,25/06/2025,01:36:34,28.49,0.6987,9.19252
649,25/06/2025,01:56:45,23.94,0.6776,8.20959
650,25/06/2025,02:16:56,32.97,0.4584,7.10841
651,25/06/2025,02:37:07,31.51,0.6173,8.28792
652,25/06/2025,02:57:17,30.42,0.653,8.72628
653,25/06/2025,03:17:28,29.28,0.4027,6.72081
654,25/06/2025,03:37:39,31.53,0.6272,7.43942
655,25/06/2025,03:57:50,19.15,0.7332,6.58819
656,25/06/2025,04:18:01,18.3,0.645,7.61464
657,25/06/2025,04:38:11,24.22,0.5935,7.48404
658,25/06/2025,04:58:22,24.59,0.8709,7.67621
659,25/06/2025,05:18:33,32.88,0.7166,6.86663
660,25/06/2025,05:38:44,29.23,0.7512,7.36326
661,25/06/2025,05:58:55,30.04,0.8866,7.14594
662,25/06/2025,06:19:05,24.0,0.7034,7.89729
663,25/06/2025,06:39:16,25.44,0.7176,9.26454
664,25/06/2025,06:59:27,21.96,0.8221,9.08237
665,25/06/2025,07:19:38,27.36,0.6217,8.31789
666,25/06/2025,07:39:49,33.13,0.7972,8.86589
667,25/06/2025,08:00:00,33.63,0.8018,7.66305
668,25/06/2025,08:20:10,29.67,0.6313,7.5231
669,25/06/2025,08:40:21,29.07,0.4409,8.86298
670,25/06/2025,09:00:32,26.61,0.833,6.27134
671,25/06/2025,09:20:43,25.62,0.5965,6.66649
672,25/06/2025,09:40:54,33.55,0.4922,7.44834
673,25/06/2025,10:01:04,18.02,0.4905,7.20019
674,25/06/2025,10:21:15,22.72,0.4257,7.79177
675,25/06/2025,10:41:26,27.97,0.4174,8.55333
676,25/06/2025,11:01:37,31.39,0.7805,8.06218
677,25/06/2025,11:21:48,31.62,0.7743,8.26871
678,25/06/2025,11:41:58,29.08,0.7499,8.10951
679,25/06/2025,12:02:09,26.77,0.8439,8.99616
680,25/06/2025,12:22:20,18.09,0.683,8.42954
681,25/06/2025,12:42:31,27.63,0.8353,8.35455
682,25/06/2025,13:02:42,30.64,0.566,8.55814
683,25/06/2025,13:22:52,34.34,0.7266,8.76374
684,25/06/2025,13:43:03,21.41,0.7685,7.31552
685,25/06/2025,14:03:14,33.48,0.8978,9.21798
686,25/06/2025,14:23:25,21.64,0.8401,8.85422
687,25/06/2025,14:43:36,20.91,0.5522,8.92805
688,25/06/2025,15:03:47,31.75,0.656,6.54902
689,25/06/2025,15:23:57,33.65,0.6208,7.48802
690,25/06/2025,15:44:08,30.05,0.4216,8.85707
691,25/06/2025,16:04:19,33.29,0.6984,8.2194
692,25/06/2025,16:24:30,20.51,0.827,9.07733
693,25/06/2025,16:44:41,27.49,0.8633,9.22305
694,25/06/2025,17:04:51,22.61,0.5135,6.95556
695,25/06/2025,17:25:02,30.55,0.7848,8.21376
696,25/06/2025,17:45:13,27.72,0.6308,7.27293
697,25/06/2025,18:05:24,31.82,0.8712,8.92933
698,25/06/2025,18:25:35,20.32,0.7597,6.69194
699,25/06/2025,18:45:45,19.29,0.8814,8.079
700,25/06/2025,19:05:56,25.23,0.5979,8.11947
701,25/06/2025,19:26:07,33.47,0.7273,8.54494
702,25/06/2025,19:46:18,21.27,0.4016,6.92136
703,25/06/2025,20:06:29,26.61,0.5603,6.85402
704,25/06/2025,20:26:40,19.25,0.692,8.54475
705,25/06/2025,20:46:50,20.05,0.5546,6.91765
706,25/06/2025,21:07:01,18.21,0.6188,8.82719
707,25/06/2025,21:27:12,18.4,0.8961,7.20532
708,25/06/2025,21:47:23,26.14,0.5603,6.56449
709,25/06/2025,22:07:34,24.87,0.4972,8.8134
710,25/06/2025,22:27:44,22.1,0.853,8.38209
711,25/06/2025,22:47:55,30.4,0.8996,7.68045
712,25/06/2025,23:08:06,34.83,0.6368,7.39164
713,25/06/2025,23:28:17,25.22,0.4109,8.77516
714,25/06/2025,23:48:28,21.86,0.5108,9.26674
715,26/06/2025,00:08:38,31.94,0.4177,9.01793
716,26/06/2025,00:28:49,24.41,0.4413,8.3689
717,26/06/2025,00:49:00,26.75,0.8561,6.43017
718,26/06/2025,01:09:11,19.18,0.6118,8.3676
719,26/06/2025,01:29:22,18.18,0.8289,8.43713
720,26/06/2025,01:49:32,18.48,0.5417,8.31265
721,26/06/2025,02:09:43,23.05,0.7162,7.6648
722,26/06/2025,02:29:54,33.23,0.4865,7.77185
723,26/06/2025,02:50:05,30.39,0.863,7.49747
724,26/06/2025,03:10:16,26.2,0.8793,6.26219
725,26/06/2025,03:30:27,21.75,0.7601,6.60889
726,26/06/2025,03:50:37,25.3,0.6019,6.43097
727,26/06/2025,04:10:48,28.95,0.6758,7.48803
728,26/06/2025,04:30:59,34.52,0.8409,7.92701
729,26/06/2025,04:51:10,18.2,0.7689,7.71929
730,26/06/2025,05:11:21,29.82,0.4315,9.05456
731,26/06/2025,05:31:31,21.08,0.8788,6.3138
732,26/06/2025,05:51:42,23.91,0.4385,7.18373
733,26/06/2025,06:11:53,21.17,0.4031,8.77007
734,26/06/2025,06:32:04,22.29,0.7576,7.20529
735,26/06/2025,06:52:15,30.34,0.761,7.06142
736,26/06/2025,07:12:25,30.15,0.4601,7.62613
737,26/06/2025,07:32:36,25.64,0.4916,6.35105
738,26/06/2025,07:52:47,23.79,0.7793,6.84472
739,26/06/2025,08:12:58,26.67,0.6434,9.28859
740,26/06/2025,08:33:09,24.54,0.8608,7.01802
741,26/06/2025,08:53:20,30.43,0.4768,8.78428
742,26/06/2025,09:13:30,20.96,0.4666,7.82913
743,26/06/2025,09:33:41,32.0,0.6029,7.6107
744,26/06/2025,09:53:52,34.44,0.8297,6.83498
745,26/06/2025,10:14:03,23.64,0.6118,7.55704
746,26/06/2025,10:34:14,30.07,0.7979,9.0315
747,26/06/2025,10:54:24,24.24,0.7318,7.05271
748,26/06/2025,11:14:35,33.65,0.5262,9.24026
749,26/06/2025,11:34:46,29.49,0.4665,7.62019
750,26/06/2025,11:54:57,21.24,0.5158,8.4497
751,26/06/2025,12:15:08,32.47,0.6239,6.78823
752,26/06/2025,12:35:18,22.72,0.8396,6.54641
753,26/06/2025,12:55:29,18.59,0.7148,8.46454
754,26/06/2025,13:15:40,22.58,0.8811,7.09755
755,26/06/2025,13:35:51,22.61,0.5763,7.63242
756,26/06/2025,13:56:02,18.48,0.6148,6.9023
757,26/06/2025,14:16:12,24.09,0.7046,7.39999
758,26/06/2025,14:36:23,29.93,0.7287,8.49005
759,26/06/2025,14:56:34,29.91,0.497,6.37359
760,26/06/2025,15:16:45,18.03,0.5308,7.6188
761,26/06/2025,15:36:56,20.4,0.5209,8.95983
762,26/06/2025,15:57:07,29.42,0.4796,8.59911
763,26/06/2025,16:17:17,24.45,0.6187,6.4983
764,26/06/2025,16:37:28,31.71,0.7649,8.86298
765,26/06/2025,16:57:39,29.2,0.8596,9.17791
766,26/06/2025,17:17:50,19.79,0.7581,7.52176
767,26/06/2025,17:38:01,30.38,0.6645,8.44024
768,26/06/2025,17:58:11,26.83,0.7008,8.27764
769,26/06/2025,18:18:22,30.29,0.733,8.88471
770,26/06/2025,18:38:33,27.29,0.5551,7.52635
771,26/06/2025,18:58:44,22.16,0.5768,6.68264
772,26/06/2025,19:18:55,27.65,0.6643,7.67959
773,26/06/2025,19:39:05,29.36,0.6536,7.8094
774,26/06/2025,19:59:16,20.73,0.4546,9.253
775,26/06/2025,20:19:27,18.58,0.6792,7.53987
776,26/06/2025,20:39:38,29.3,0.4848,8.43589
777,26/06/2025,20:59:49,18.2,0.5707,7.2478
778,26/06/2025,21:20:00,28.44,0.8192,8.03765
779,26/06/2025,21:40:10,21.42,0.4903,8.20617
780,26/06/2025,22:00:21,32.25,0.6051,6.48434
781,26/06/2025,22:20:32,27.5,0.7861,6.81082
782,26/06/2025,22:40:43,31.74,0.5524,6.90852
783,26/06/2025,23:00:54,20.09,0.5134,8.70483
784,26/06/2025,23:21:04,34.32,0.7759,7.70294
785,26/06/2025,23:41:15,29.68,0.4983,7.8957
786,27/06/2025,00:01:26,26.34,0.6928,7.42673
787,27/06/2025,00:21:37,31.6,0.7398,6.80342
788,27/06/2025,00:41:48,31.58,0.7468,8.7075
789,27/06/2025,01:01:58,21.47,0.5214,9.14033
790,27/06/2025,01:22:09,24.77,0.5177,8.61271
791,27/06/2025,01:42:20,21.78,0.5989,7.76165
792,27/06/2025,02:02:31,19.11,0.5293,7.04528
793,27/06/2025,02:22:42,33.76,0.6436,7.51241
794,27/06/2025,02:42:52,31.44,0.5486,7.92184
795,27/06/2025,03:03:03,19.33,0.4999,6.65957
796,27/06/2025,03:23:14,29.55,0.6148,8.41105
797,27/06/2025,03:43:25,19.26,0.4006,6.88386
798,27/06/2025,04:03:36,29.99,0.7195,6.40271
799,27/06/2025,04:23:47,24.45,0.6881,8.32622
800,27/06/2025,04:43:57,32.48,0.6361,7.68662
801,27/06/2025,05:04:08,33.12,0.4607,8.036
802,27/06/2025,05:24:19,20.12,0.6842,8.3524
803,27/06/2025,05:44:30,33.07,0.57,7.76162
804,27/06/2025,06:04:41,28.99,0.4397,6.9442
805,27/06/2025,06:24:51,27.68,0.4075,7.5955
806,27/06/2025,06:45:02,31.03,0.5327,9.11047
807,27/06/2025,07:05:13,31.94,0.5533,8.36742
808,27/06/2025,07:25:24,19.87,0.4015,6.52679
809,27/06/2025,07:45:35,33.63,0.8823,6.72824
810,27/06/2025,08:05:45,31.2,0.6652,8.31195
811,27/06/2025,08:25:56,25.32,0.4961,7.55894
812,27/06/2025,08:46:07,24.91,0.5372,7.25282
813,27/06/2025,09:06:18,21.39,0.8986,8.43587
814,27/06/2025,09:26:29,26.73,0.5429,7.82615
815,27/06/2025,09:46:40,30.82,0.7041,8.67016
816,27/06/2025,10:06:50,19.57,0.6965,7.79528
817,27/06/2025,10:27:01,32.71,0.7401,9.08336
818,27/06/2025,10:47:12,28.88,0.4563,6.24125
819,27/06/2025,11:07:23,19.98,0.7616,8.46215
820,27/06/2025,11:27:34,20.58,0.5195,7.21279
821,27/06/2025,11:47:44,25.29,0.7899,8.66663
822,27/06/2025,12:07:55,34.23,0.8859,6.5183
823,27/06/2025,12:28:06,23.01,0.5778,7.93766
824,27/06/2025,12:48:17,22.7,0.8055,7.37575
825,27/06/2025,13:08:28,32.96,0.8026,6.39231
826,27/06/2025,13:28:38,21.13,0.8628,7.67733
827,27/06/2025,13:48:49,33.63,0.8327,7.52701
828,27/06/2025,14:09:00,34.67,0.6955,9.28809
829,27/06/2025,14:29:11,34.42,0.7375,7.07047
830,27/06/2025,14:49:22,28.23,0.5264,7.2103
831,27/06/2025,15:09:32,25.51,0.5666,7.34718
832,27/06/2025,15:29:43,18.79,0.8925,8.82284
833,27/06/2025,15:49:54,31.77,0.7581,8.06511
834,27/06/2025,16:10:05,28.49,0.7384,6.43067
835,27/06/2025,16:30:16,30.94,0.5232,6.88123
836,27/06/2025,16:50:27,21.43,0.7374,7.98068
837,27/06/2025,17:10:37,34.02,0.4312,7.35462
838,27/06/2025,17:30:48,20.91,0.7118,9.06064
839,27/06/2025,17:50:59,32.7,0.6238,8.6153
840,27/06/2025,18:11:10,27.3,0.4349,9.2579
841,27/06/2025,18:31:21,30.67,0.7872,6.99696
842,27/06/2025,18:51:31,34.7,0.5248,9.1538
843,27/06/2025,19:11:42,21.25,0.5056,7.20052
844,27/06/2025,19:31:53,21.72,0.8446,7.55969
845,27/06/2025,19:52:04,25.99,0.549,6.40207
846,27/06/2025,20:12:15,26.02,0.4628,7.78662
847,27/06/2025,20:32:25,27.9,0.8022,7.21618
848,27/06/2025,20:52:36,24.79,0.8626,7.05335
849,27/06/2025,21:12:47,26.11,0.8062,7.48972
850,27/06/2025,21:32:58,26.57,0.7629,9.23048
851,27/06/2025,21:53:09,27.04,0.5356,7.77131
852,27/06/2025,22:13:20,27.63,0.8139,6.52741
853,27/06/2025,22:33:30,21.96,0.8311,6.69926
854,27/06/2025,22:53:41,28.84,0.5006,8.13515
855,27/06/2025,23:13:52,21.08,0.5597,7.0517
856,27/06/2025,23:34:03,28.84,0.4669,7.03102
857,27/06/2025,23:54:14,20.77,0.4595,8.05091
858,28/06/2025,00:14:24,25.1,0.6777,8.3318
859,28/06/2025,00:34:35,30.4,0.5756,7.2034
860,28/06/2025,00:54:46,22.26,0.8371,6.50792
861,28/06/2025,01:14:57,21.33,0.6726,6.97861
862,28/06/2025,01:35:08,25.75,0.781,7.0978
863,28/06/2025,01:55:18,28.96,0.4412,8.82003
864,28/06/2025,02:15:29,30.56,0.5892,8.09869
865,28/06/2025,02:35:40,26.03,0.8032,8.92396
866,28/06/2025,02:55:51,26.98,0.8611,7.31834
867,28/06/2025,03:16:02,19.46,0.8587,9.17454
868,28/06/2025,03:36:12,23.27,0.7152,8.4211
869,28/06/2025,03:56:23,21.47,0.5123,8.32765
870,28/06/2025,04:16:34,34.13,0.4815,7.05429
871,28/06/2025,04:36:45,32.69,0.4666,8.32195
872,28/06/2025,04:56:56,27.9,0.6537,9.03337
873,28/06/2025,05:17:07,26.39,0.8295,7.23117
874,28/06/2025,05:37:17,20.48,0.4077,7.80349
875,28/06/2025,05:57:28,18.51,0.8068,9.04186
876,28/06/2025,06:17:39,23.27,0.8812,8.22719
877,28/06/2025,06:37:50,27.97,0.4508,6.59383
878,28/06/2025,06:58:01,28.4,0.4034,8.94969
879,28/06/2025,07:18:11,34.63,0.5979,7.49717
880,28/06/2025,07:38:22,29.44,0.6576,8.45547
881,28/06/2025,07:58:33,19.15,0.8866,6.8292
882,28/06/2025,08:18:44,29.27,0.6776,7.8776
883,28/06/2025,08:38:55,22.96,0.7471,7.95353
884,28/06/2025,08:59:05,27.42,0.5797,6.73918
885,28/06/2025,09:19:16,32.31,0.6871,7.38903
886,28/06/2025,09:39:27,23.79,0.7286,7.77847
887,28/06/2025,09:59:38,22.24,0.5036,8.496
888,28/06/2025,10:19:49,24.93,0.5786,9.26901
889,28/06/2025,10:40:00,34.39,0.5595,9.17645
890,28/06/2025,11:00:10,33.19,0.8885,8.45723
891,28/06/2025,11:20:21,20.39,0.8851,6.85265
892,28/06/2025,11:40:32,34.64,0.8178,7.49946
893,28/06/2025,12:00:43,30.19,0.5656,7.22592
894,28/06/2025,12:20:54,22.16,0.699,8.50181
895,28/06/2025,12:41:04,19.97,0.7325,6.9349
896,28/06/2025,13:01:15,25.42,0.6767,6.43404
897,28/06/2025,13:21:26,33.96,0.5625,9.23265
898,28/06/2025,13:41:37,34.51,0.8281,6.27988
899,28/06/2025,14:01:48,27.95,0.6276,7.01338
900,28/06/2025,14:21:58,31.48,0.6827,7.95303
901,28/06/2025,14:42:09,23.59,0.638,6.28833
902,28/06/2025,15:02:20,32.21,0.8719,7.3376
903,28/06/2025,15:22:31,27.69,0.7358,8.1577
904,28/06/2025,15:42:42,29.15,0.5661,6.62612
905,28/06/2025,16:02:52,19.76,0.6513,9.07206
906,28/06/2025,16:23:03,22.31,0.8409,9.03712
907,28/06/2025,16:43:14,18.94,0.8801,7.79243
908,28/06/2025,17:03:25,23.47,0.704,6.25913
909,28/06/2025,17:23:36,23.67,0.6929,6.7435
910,28/06/2025,17:43:47,27.91,0.8543,7.36021
911,28/06/2025,18:03:57,20.68,0.64,8.89334
912,28/06/2025,18:24:08,34.27,0.5962,8.01527
913,28/06/2025,18:44:19,34.07,0.7522,8.30536
914,28/06/2025,19:04:30,23.81,0.5836,8.38274
915,28/06/2025,19:24:41,25.21,0.5544,7.24332
916,28/06/2025,19:44:51,33.12,0.5284,7.87404
917,28/06/2025,20:05:02,31.41,0.429,6.27642
918,28/06/2025,20:25:13,34.78,0.5753,7.64385
919,28/06/2025,20:45:24,33.27,0.5989,6.21562
920,28/06/2025,21:05:35,28.27,0.7722,6.3077
921,28/06/2025,21:25:45,30.63,0.4795,7.4772
922,28/06/2025,21:45:56,33.83,0.5307,7.83912
923,28/06/2025,22:06:07,25.98,0.4644,6.72956
924,28/06/2025,22:26:18,33.71,0.6171,6.91259
925,28/06/2025,22:46:29,27.23,0.5714,8.93216
926,28/06/2025,23:06:40,20.44,0.8546,7.85627
927,28/06/2025,23:26:50,32.47,0.8296,9.1271
928,28/06/2025,23:47:01,29.51,0.7284,8.21092
929,29/06/2025,00:07:12,20.27,0.8391,9.08582
930,29/06/2025,00:27:23,32.02,0.7502,6.42342
931,29/06/2025,00:47:34,22.34,0.6593,9.282
932,29/06/2025,01:07:44,33.57,0.5946,8.14414
933,29/06/2025,01:27:55,30.06,0.833,8.83081
934,29/06/2025,01:48:06,30.93,0.8156,7.32758
935,29/06/2025,02:08:17,27.93,0.4946,8.29458
936,29/06/2025,02:28:28,32.53,0.7317,7.07236
937,29/06/2025,02:48:38,26.46,0.7528,6.35031
938,29/06/2025,03:08:49,20.5,0.5771,9.18372
939,29/06/2025,03:29:00,31.84,0.6004,7.9373
940,29/06/2025,03:49:11,31.55,0.8676,8.54168
941,29/06/2025,04:09:22,20.43,0.482,6.97029
942,29/06/2025,04:29:32,34.73,0.7231,7.67177
943,29/06/2025,04:49:43,33.89,0.7205,7.35515
944,29/06/2025,05:09:54,26.82,0.8826,8.34195
945,29/06/2025,05:30:05,24.28,0.4315,6.83509
946,29/06/2025,05:50:16,27.02,0.6685,6.53562
947,29/06/2025,06:10:27,29.63,0.4121,6.91977
948,29/06/2025,06:30:37,19.87,0.4487,9.12515
949,29/06/2025,06:50:48,21.03,0.6026,9.21275
950,29/06/2025,07:10:59,32.58,0.7694,6.91597
951,29/06/2025,07:31:10,33.88,0.7099,8.49512
952,29/06/2025,07:51:21,31.75,0.4202,7.16562
953,29/06/2025,08:11:31,26.91,0.5982,8.66867
954,29/06/2025,08:31:42,33.98,0.4492,8.52993
955,29/06/2025,08:51:53,32.32,0.6772,7.35844
956,29/06/2025,09:12:04,33.73,0.7053,9.18744
957,29/06/2025,09:32:15,28.88,0.7783,8.86425
958,29/06/2025,09:52:25,21.9,0.8789,6.69459
959,29/06/2025,10:12:36,25.98,0.5708,6.96635
960,29/06/2025,10:32:47,24.51,0.7789,9.29497
961,29/06/2025,10:52:58,28.76,0.5208,7.7114
962,29/06/2025,11:13:09,28.22,0.5794,7.93771
963,29/06/2025,11:33:20,25.34,0.5861,6.40793
964,29/06/2025,11:53:30,27.76,0.4808,6.72674
965,29/06/2025,12:13:41,18.54,0.6784,8.47054
966,29/06/2025,12:33:52,33.08,0.5489,7.4772
967,29/06/2025,12:54:03,24.95,0.82,6.43676
968,29/06/2025,13:14:14,33.13,0.6481,7.61265
969,29/06/2025,13:34:24,25.8,0.4471,8.46415
970,29/06/2025,13:54:35,34.92,0.4593,7.93151
971,29/06/2025,14:14:46,28.73,0.4804,6.24995
972,29/06/2025,14:34:57,32.3,0.6103,7.94089
973,29/06/2025,14:55:08,23.36,0.5467,7.1727
974,29/06/2025,15:15:18,34.06,0.8556,7.96133
975,29/06/2025,15:35:29,24.81,0.5922,8.43614
976,29/06/2025,15:55:40,30.79,0.7746,7.69303
977,29/06/2025,16:15:51,22.78,0.5173,8.53545
978,29/06/2025,16:36:02,28.05,0.6015,7.94678
979,29/06/2025,16:56:12,20.66,0.6223,7.7317
980,29/06/2025,17:16:23,31.12,0.6326,8.25539
981,29/06/2025,17:36:34,20.51,0.4601,9.28453
982,29/06/2025,17:56:45,32.04,0.4974,7.33376
983,29/06/2025,18:16:56,25.33,0.8871,7.21584
984,29/06/2025,18:37:07,34.72,0.7105,7.58113
985,29/06/2025,18:57:17,23.32,0.481,7.17774
986,29/06/2025,19:17:28,31.83,0.6992,8.01356
987,29/06/2025,19:37:39,33.38,0.7701,7.2408
988,29/06/2025,19:57:50,18.4,0.754,7.50554
989,29/06/2025,20:18:01,30.21,0.873,8.62041
990,29/06/2025,20:38:11,29.43,0.633,7.48079
991,29/06/2025,20:58:22,22.58,0.482,7.49948
992,29/06/2025,21:18:33,32.38,0.6254,8.57392
993,29/06/2025,21:38:44,23.33,0.8835,7.77947
994,29/06/2025,21:58:55,34.4,0.524,7.51949
995,29/06/2025,22:19:05,32.04,0.528,6.74219
996,29/06/2025,22:39:16,24.86,0.6652,8.85483
997,29/06/2025,22:59:27,27.84,0.5743,7.00747
998,29/06/2025,23:19:38,18.53,0.6507,8.29165
999,29/06/2025,23:39:49,18.31,0.5365,8.04326
1000,30/06/2025,00:00:00,21.31,0.5610,8.53241
1001,01/07/2025,23:19:38,18.53,0.5619,8.291
1002,02/07/2025,23:39:49,27.84,0.5743,7.007
1003,03/07/2025,00:00:00,24.86,0.5816,8.854
1004,04/07/2025,00:00:00,32.04,0.588,6.7421
1005,05/07/2025,00:00:00,34.4,0.584,7.51949
1006,06/07/2025,00:00:00,23.33,0.59,7.779
1007,07/07/2025,00:00:00,32.38,0.6254,8.573
1008,08/07/2025,00:00:00,22.58,0.603,7.4994
1009,09/07/2025,00:00:00,29.43,0.633,7.4807
1010,10/07/2025,00:00:00,30.21,0.653,8.6204
1011,11/07/2025,00:00:00,18.4,0.654,7.50554
1012,12/07/2025,00:00:00,33.38,0.6701,7.240
1013,13/07/2025,00:00:00,31.83,0.6992,8.013
1014,14/07/2025,00:00:00,23.32,0.581,7.1777
1015,15/07/2025,00:00:00,34.72,0.6505,7.581
1016,16/07/2025,00:00:00,25.33,0.6971,7.215
1017,17/07/2025,00:00:00,32.04,0.6074,7.333
1018,18/07/2025,00:00:00,20.51,0.6601,9.284
1019,19/07/2025,00:00:00,31.12,0.6326,8.255
1020,20/07/2025,00:00:00,20.66,0.6223,7.731
1021,21/07/2025,00:00:00,28.05,0.6015,7.946
1022,22/07/2025,00:00:00,22.78,0.5173,8.535
1023,23/07/2025,00:00:00,30.79,0.7746,7.693
1024,24/07/2025,00:00:00,24.81,0.5922,8.436
1025,25/07/2025,00:00:00,34.06,0.8556,7.961
1026,26/07/2025,00:00:00,23.36,0.5467,7.172
1027,27/07/2025,00:00:00,32.3,0.6103,7.9408
1028,28/07/2025,00:00:00,28.73,0.4804,6.249
1029,29/07/2025,00:00:00,34.92,0.4593,7.931
1030,30/07/2025,00:00:00,25.8,0.4471,8.4641
1031,31/07/2025,00:00:00,21.31,0.5099,8.5324
